Woreda,Kebele,Village,Site Name,Latitude,Longitude,Water Source Type_1,Water Source Type,Functionality Status,Souce of Energy,Estimated Number of Users,Hand Pump Type,Organisation that installed the Water Pump,Year Commisioned,Reason for Inventory,Functional Taps In The Scheme,Number of Non FunctionalTaps In The Scheme,Depth,Yield,Yield
Shashemene,Wetera Shegule,Ardano,Ardano,7.212806,38.7258,Hand dug Well fitted with pump or windlass,Hand dug Well,Functional,Manual operation,180,Afridev,,2000,,,,,0.28,0.28
"Shashemene
",Hagugeta Keni,Qali,Qali,7.250937,38.62908,Hand dug Well fitted with pump or windlass,Hand dug Well,Functional,Manual operation,312,Afridev,CDA,2009,,,,,0.12,0.12
Arsi Negele,Kerero,A/shifaa,A/shifaa,7.487828,38.73458,Protected Spring,Protected Spring,Non Functional,Gravity,250,,,2000,Inspection,,,,0.5,0.5
Shashemene,Hursa Sinbo,aredano,Ardano,7.1227,38.72439,Hand dug Well fitted with pump or windlass,Hand dug Well,Non Functional,Manual operation,180,Afridev,CDA,2009,,,,,0.12,0.12
Shashemene,Hursa Sinbo,shifa,shifa,7.126625,38.73907,Hand dug Well fitted with pump or windlass,Hand dug Well,Non Functional,Manual operation,180,Afridev,CDA,2009,,,,,0.12,0.12
Arsi Negele,Kersa Elala,Abaaro,Abaaro,7.302975,38.64923,Protected Spring,Protected Spring,Functional,Gravity,340,,,2003,Inspection,,,,0.5,0.5
Arsi Negele,Adeba Tita,Burqaa,Burqaa,7.301701,38.72983,Protected Spring,Protected Spring,Functional,Gravity,375,,,2000,Inspection,,,,1,1
Arsi Negele,Werro Awelo,Wotera,Abaaro,7.197098,38.7666,Shallow Well fitted with hand pump,Shallow Well,Functional,Manual operation,420,Indian Mark II,Kale Hiwot,2005,New Scheme,,,46,0.8,0.8
Shashemene,Jelo Dida,Burara,Burara,7.303332,38.63129,Protected Spring,Protected Spring,Functional,Gravity,245,,,2006,Inspection,,,,1,1
Arsi Negele,Werro Awelo,Wotera Goba,Abaaro,7.20093,38.74334,Shallow Well fitted with hand pump,Shallow Well,Functional,Manual operation,420,Indian Mark II,Kale Hiwot,2005,New Scheme,,,48,0.8,0.8
Shashemene,Hursa Sinbo,Sifo,Sifo,7.13721,38.71153,Protected Spring,Protected Spring,Non Functional,Gravity,190,,,2001,Inspection,,,,0.5,0.5
Shashemene,Gonde Kerso,Adaaba,Adaaba,7.134373,38.8034,Deep Well with Distribution,Deep Wel,No data,Electricity and Grid,1150,Submersible,,2003,Inspection,0,1,185,8,8
Shashemene,Bute Felicha,Qaloo,Qaloo,7.246014,38.6145,Deep Well with Distribution,Deep Wel,No data,Electricity and Grid,1300,Submersible,,2004,New Scheme,1,2,200,7,7
Shashemene,Hursa Sinbo,Iluu,Aleelu,7.13721,38.71153,Deep Well with Distribution,Deep Wel,No data,Solar,7500,Submersible,,2007,Inspection,,,215,6,6
Shashemene,Abaro,Alii Woyyoo,Alii Woyyoo,7.105747,38.65491,Deep Well with Distribution,Deep Wel,No data,Diesel,3200,Submersible,,1993,Repair,3,1,195,5.5,5.5
Shashemene,Abaro,maddani_____‚àö¬®‚àö√•alam,Wayyoo maddani_____‚àö¬®‚àö√•alam,7.130703,38.66564,Deep Well with Distribution,Deep Wel,No data,Electricity and Grid,3200,Submersible,,1982,Extension,3,0,180,7,7
Shashemene,Aredano Shifa,Awasho,Sole Mazoreya,7.16733,38.77131,Deep Well with Distribution,Deep Wel,Non Functional,Solar,11600,Submersible,,2004,Inspection,,,157,5,5
Shashemene,Abaro,Basaquu,Hexoo goduu,7.120031,38.68238,Hand dug Well fitted with pump or windlass,Hand dug Well,Functional,Manual operation,2250,Afridev,,2007,New Scheme,,,60,1.5,1.5
Arsi Negele,Arsi Negele Town,Meleka Oda,Fillicha,7.34112,38.67267,Deep Well with Distribution,Deep Wel,Non Functional,Solar,3500,Submersible,Kale Hiwot,1986,Inspection,,,180,4,4
Shashemene,Hursa Sinbo,chabe,"chabe,duba and Alem gebeya",7.13721,38.71153,Deep Well with Distribution,Deep Wel,Non Functional,Solar,12000,Submersible,,2005,Inspection,,,,,
Shashemene,Kori Borejeta,Cirri,Cirri,7.177713,38.48852,Hand dug Well fitted with pump or windlass,Hand dug Well,Functional,Manual operation,75,Indian Mark II,,1999,Repair,,,,0.75,0.75
Shashemene,Owa Shodongu,Daanshee,Daanshee,7.196674,38.63143,Deep Well with Distribution,Deep Wel,No data,Diesel,4300,Submersible,,2004,Repair,3,1,,5.5,5.5
Arsi Negele,Kersa Elala,Daanshee,Daanshee,7.320645,38.65323,Hand dug Well fitted with pump or windlass,Hand dug Well,Non Functional,Manual operation,75,Indian Mark II,,2003,Repair,,,,0.2,0.2
Shashemene,Hursa Sinbo,Caraqo,Caraqo,7.13721,38.71153,Hand dug Well fitted with pump or windlass,Hand dug Well,Functional,Manual operation,420,Afridev,,2007,,,,,0.5,0.5
Shashemene,Hursa Sinbo,Gutu,Gutu,7.13721,38.71153,Hand dug Well fitted with pump or windlass,Hand dug Well,Non Functional,Manual operation,420,Indian Mark II,,2004,,,,,0.11,0.11
Shashemene,Hursa Sinbo,Sotira,Sotira,7.13721,38.71153,Hand dug Well fitted with pump or windlass,Hand dug Well,Functional,Manual operation,420,Afridev,,2008,,,,,0.5,0.5
Shashemene,Hursa Sinbo,Firey,Firey,7.13721,38.71153,Hand dug Well fitted with pump or windlass,Hand dug Well,Non Functional,Manual operation,420,Afridev,,2000,,,,,0.1,0.1
Shashemene,Abaro,Jemate,Edola,7.123698,38.67341,Deep Well with Distribution,Deep Wel,Non Functional,Solar,5000,Submersible,,2002,Inspection,,,200,4.6,4.6
Shashemene,Hursa Sinbo,Qeresa,Bureka,7.13721,38.71153,Deep Well with Distribution,Deep Wel,Functional,Solar,5000,Submersible,,2003,Inspection,,,206,4.5,4.5
Shashemene,Jengele Wendere,Abita Wotara,Abita Wotara,7.127791,38.7075,Hand dug Well fitted with pump or windlass,Hand dug Well,No Data,Manual operation,1064,Afridev,,,,,,,0.28,0.28
Shashemene,Hursa Sinbo,Faji 1,Faji 1,7.13721,38.71153,Shallow Well fitted with hand pump,Shallow Well,Functional,Manual operation,420,Indian Mark II,Kale Hiwot,2005,New Scheme,,,42,0.8,0.8
Arsi Negele,Werro Awelo,Faji 3,Faji 3,7.196998,38.7665,Shallow Well fitted with hand pump,Shallow Well,Functional,Manual operation,420,Indian Mark II,Kale Hiwot,2005,New Scheme,,,52,0.8,0.8
Shashemene,Hursa Sinbo,Faji 2,Faji 2,7.13721,38.71153,Shallow Well fitted with hand pump,Shallow Well,Functional,Manual operation,420,Indian Mark II,Kale Hiwot,2005,New Scheme,,,46,0.8,0.8
Arsi Negele,Hadi Bossa,F/solee,F/solee,7.482,38.68795,Protected Spring,Protected Spring,Functional,Gravity,250,,,2005,Inspection,,,,0.8,0.8
Shashemene,Hursa Sinbo,Serdo Gamle,Serdo Gamle,7.13721,38.71153,Hand dug Well fitted with pump or windlass,Hand dug Well,Non Functional,Manual operation,420,Afridev,,2000,,,,,0.1,0.1
Shashemene,Hursa Sinbo,Hiro Burqitu,Hiro Burqitu,7.13721,38.71153,Hand dug Well fitted with pump or windlass,Hand dug Well,Functional,Manual operation,420,Afridev,,2001,,,,,4,4
Shashemene,Hursa Sinbo,Molale Mosque,Molale Mosque,7.13721,38.71153,Hand dug Well fitted with pump or windlass,Hand dug Well,Functional,Manual operation,420,Afridev,,2001,,,,,3,3
Shashemene,Hursa Sinbo,Molale Doka,Molale Doka,7.13721,38.71153,Hand dug Well fitted with pump or windlass,Hand dug Well,Functional,Manual operation,420,Afridev,,2002,,,,,0.3,0.3
Shashemene,Hursa Sinbo,Walashe,Walashe,7.13721,38.71153,Hand dug Well fitted with pump or windlass,Hand dug Well,Functional,Manual operation,420,Afridev,,2003,,,,,0.5,0.5
Arsi Negele,Meko Oda,qareso 1,qerso 1,7.350836,38.71356,Hand dug Well fitted with pump or windlass,Hand dug Well,Functional,Manual operation,180,Afridev,CDA,2009,,,,,0.12,0.12
Shashemene,Hursa Sinbo,qareso 2,qerso 2,7.115784,38.73173,Hand dug Well fitted with pump or windlass,Hand dug Well,Functional,Manual operation,180,Afridev,CDA,2009,,,,,0.12,0.12
Arsi Negele,Werro Awelo,qareso 3,qerso 3,7.196808,38.76552,Hand dug Well fitted with pump or windlass,Hand dug Well,Functional,Manual operation,180,Afridev,CDA,2009,,,,,0.12,0.12
Arsi Negele,Kerero,qareso 4,qerso 4,7.498608,38.73043,Hand dug Well fitted with pump or windlass,Hand dug Well,Functional,Manual operation,180,Afridev,CDA,2009,,,,,0.12,0.12
Arsi Negele,Werro Awelo,Gonda 1,Gonda 1,7.197044,38.76665,Hand dug Well fitted with pump or windlass,Hand dug Well,Functional,Manual operation,180,Afridev,CDA,2009,,,,,0.4,0.4
Arsi Negele,Rafa Hrgesa,Gonda 4,Gonda 4,7.42497,38.69334,Hand dug Well fitted with pump or windlass,Hand dug Well,Functional,Manual operation,180,,CDA,2009,,,,,0.4,0.4
Arsi Negele,Besko Elala,Godee,Waraabettii,7.342348,38.80996,Hand dug Well fitted with pump or windlass,Hand dug Well,Functional,Manual operation,2208,Afridev,,2006,New Scheme,,,,1.7,1.7
Arsi Negele,Gude Dura,Godee,Boddittii,7.148894,38.83294,Hand dug Well fitted with pump or windlass,Hand dug Well,Functional,Manual operation,450,Afridev,,2004,New Scheme,,,,0.4,0.4
Shashemene,Faji Sole,Godee,Sootiraa,7.154181,38.68484,Hand dug Well fitted with pump or windlass,Hand dug Well,Functional,Manual operation,450,Afridev,,2004,New Scheme,,,,0.3,0.3
Arsi Negele,Gude Dura,Godee,Malkaa Amboo,7.174792,38.7887,Hand dug Well fitted with pump or windlass,Hand dug Well,Functional,Manual operation,450,Afridev,,2006,New Scheme,,,,0.8,0.8
Arsi Negele,Besko Elala,Godee,Borshee,7.325934,38.87304,Hand dug Well fitted with pump or windlass,Hand dug Well,Functional,Manual operation,450,Afridev,,2004,Repair,,,,0.5,0.5
Shashemene,Hursa Sinbo,Godee,Boora_____‚àö¬®‚àö√•aa,7.13721,38.71153,Hand dug Well fitted with pump or windlass,Hand dug Well,Functional,Manual operation,2208,Afridev,,2006,New Scheme,,,,0.8,0.8
Shashemene,Faji Sole,Godee,Siree cophaa,7.154181,38.68484,Hand dug Well fitted with pump or windlass,Hand dug Well,Non Functional,Manual operation,450,Afridev,,2003,Repair,,,,0.25,0.25
Shashemene,Hursa Sinbo,Godee,Aloo mataa Arbaa,7.13467,38.71339,Hand dug Well fitted with pump or windlass,Hand dug Well,Functional,Manual operation,450,Afridev,,2003,New Scheme,,,,0.8,0.8
Arsi Negele,Gude Dura,Godee,Faallittii,7.150395,38.83021,Hand dug Well fitted with pump or windlass,Hand dug Well,Functional,Manual operation,450,Afridev,,2008,New Scheme,,,,0.25,0.25
Arsi Negele,Gude Dura,Godee,Copha,7.169551,38.80116,Hand dug Well fitted with pump or windlass,Hand dug Well,Functional,Manual operation,450,Afridev,,2008,New Scheme,,,,0.9,0.9
Arsi Negele,Gude Dura,Godee,Hawuloo corooraa,7.201846,38.80358,Hand dug Well fitted with pump or windlass,Hand dug Well,Functional,Manual operation,450,Afridev,,2004,Repair,,,,0.2,0.2
Arsi Negele,Gude Dura,Godee,Buqqee bodittii,7.19542,38.79618,Hand dug Well fitted with pump or windlass,Hand dug Well,Functional,Manual operation,2208,Afridev,,2006,New Scheme,,,,1.5,1.5
Arsi Negele,Danshe,Godee,ashuu,7.268544,38.70882,Hand dug Well fitted with pump or windlass,Hand dug Well,Functional,Manual operation,450,Afridev,,2008,New Scheme,,,,0.25,0.25
Shashemene,Faji Sole,Godee,Falitii cophaa,7.146752,38.68076,Hand dug Well fitted with pump or windlass,Hand dug Well,Functional,Manual operation,450,Afridev,,2004,Repair,,,,0.25,0.25
Arsi Negele,Chri Elalu,Godee,Sheedama,7.380511,38.75258,Hand dug Well fitted with pump or windlass,Hand dug Well,Functional,Manual operation,450,Afridev,,2006,New Scheme,,,,0.5,0.5
Shashemene,Bejetu Den,Malkaa Buttaa,Malkaa Buttaa,7.124546,38.68323,Deep Well with Distribution,Deep Wel,No data,Electricity and Grid,5500,Submersible,,1993,Repair,7,0,155,7,7
Shashemene,Danisa,Dareeraa,Dareeraa,7.122324,38.76527,Deep Well with Distribution,Deep Wel,No data,Electricity and Grid,1150,Submersible,,1993,Inspection,0,1,175,4,4
Shashemene,Hursa Sinbo,sinbo,sinbo,7.13721,38.71153,Shallow Well fitted with hand pump,Shallow Well,Functional,Manual operation,420,,Kale Hiwot,2005,New Scheme,,,,,
Shashemene,Hursa Sinbo,sinbo,sinbo,7.13721,38.71153,Shallow Well fitted with hand pump,Shallow Well,Functional,Manual operation,420,,Kale Hiwot,2005,,,,,,
Shashemene,Hursa Sinbo,sinbo,sinbo,7.13721,38.71153,Shallow Well fitted with hand pump,Shallow Well,Functional,Manual operation,420,,Kale Hiwot,2005,,,,,,
Shashemene,Hursa Sinbo,sinbo,sinbo,7.13721,38.71153,Shallow Well fitted with hand pump,Shallow Well,Functional,Manual operation,420,,Kale Hiwot,2005,,,,,,
Arsi Negele,Gude Dura,sinbo,sinbo,7.18131,38.77859,Shallow Well fitted with hand pump,Shallow Well,Functional,Manual operation,420,,Kale Hiwot,2005,,,,,,
Shashemene,Hursa Sinbo,sinbo,sinbo,7.13721,38.71153,Shallow Well fitted with hand pump,Shallow Well,Functional,Manual operation,420,,Kale Hiwot,2005,,,,,,
Shashemene,Hursa Sinbo,sinbo,sinbo,7.13721,38.71153,Shallow Well fitted with hand pump,Shallow Well,Functional,Manual operation,420,,Kale Hiwot,2005,,,,,,
Shashemene,Hursa Sinbo,sinbo,sinbo,7.13721,38.71153,Shallow Well fitted with hand pump,Shallow Well,Functional,Manual operation,420,,Kale Hiwot,2005,,,,,,
Shashemene,Hursa Sinbo,sinbo,sinbo,7.13721,38.71153,Shallow Well fitted with hand pump,Shallow Well,Functional,Manual operation,420,,Kale Hiwot,2005,,,,,,
Shashemene,Hursa Sinbo,sinbo,sinbo,7.13721,38.71153,Shallow Well fitted with hand pump,Shallow Well,Functional,Manual operation,420,,Kale Hiwot,2005,,,,,,
Shashemene,Hursa Sinbo,sinbo,sinbo,7.13721,38.71153,Shallow Well fitted with hand pump,Shallow Well,Functional,Manual operation,420,,Kale Hiwot,2005,,,,,,
Shashemene,Hursa Sinbo,sinbo,sinbo,7.13721,38.71153,Shallow Well fitted with hand pump,Shallow Well,Functional,Manual operation,420,,Kale Hiwot,2005,,,,,,
Shashemene,Hursa Sinbo,sinbo,sinbo,7.13721,38.71153,Shallow Well fitted with hand pump,Shallow Well,Functional,Manual operation,420,,Kale Hiwot,2005,,,,,,
Shashemene,Hursa Sinbo,sinbo,sinbo,7.13721,38.71153,Shallow Well fitted with hand pump,Shallow Well,Functional,Manual operation,420,,Kale Hiwot,2005,,,,,,
Shashemene,Hursa Sinbo,sinbo,sinbo,7.13721,38.71153,Shallow Well fitted with hand pump,Shallow Well,Functional,Manual operation,420,,Kale Hiwot,2005,,,,,,
Shashemene,Hursa Sinbo,sinbo,sinbo,7.13721,38.71153,Shallow Well fitted with hand pump,Shallow Well,Functional,Manual operation,420,,Kale Hiwot,2005,,,,,,
Shashemene,Hursa Sinbo,sinbo,sinbo,7.13721,38.71153,Shallow Well fitted with hand pump,Shallow Well,Functional,Manual operation,420,,Kale Hiwot,2005,,,,,,
Shashemene,Hursa Sinbo,sinbo,sinbo,7.13721,38.71153,Shallow Well fitted with hand pump,Shallow Well,Functional,Manual operation,420,,Kale Hiwot,2005,,,,,,
Shashemene,Abaro,sinbo,sinbo,7.128985,38.65441,Shallow Well fitted with hand pump,Shallow Well,Functional,Manual operation,420,,Kale Hiwot,2005,,,,,,
Shashemene,Ido Laburka,sinbo,sinbo,7.145715,38.64846,Shallow Well fitted with hand pump,Shallow Well,Functional,Manual operation,420,,Kale Hiwot,2005,,,,,,
Shashemene,Kure Beke Den,sinbo,sinbo,7.200148,38.70725,Shallow Well fitted with hand pump,Shallow Well,Functional,Manual operation,420,,Kale Hiwot,2005,,,,,,
Shashemene,Hursa Sinbo,sinbo,sinbo,7.13721,38.71153,Shallow Well fitted with hand pump,Shallow Well,Functional,Manual operation,420,,Kale Hiwot,2005,,,,,,
Arsi Negele,Gude Dura,sinbo,sinbo,7.169479,38.80106,Shallow Well fitted with hand pump,Shallow Well,Functional,Manual operation,420,,Kale Hiwot,2005,,,,,,
Arsi Negele,Gude Dura,sinbo,sinbo,7.150395,38.83021,Shallow Well fitted with hand pump,Shallow Well,Functional,Manual operation,420,,Kale Hiwot,2005,,,,,,
Arsi Negele,Gude Dura,sinbo,sinbo,7.169792,38.81369,Shallow Well fitted with hand pump,Shallow Well,Functional,Manual operation,420,,Kale Hiwot,2005,,,,,,
Shashemene,Jengele Wendere,sinbo,sinbo,7.092824,38.71419,Shallow Well fitted with hand pump,Shallow Well,Functional,Manual operation,420,,Kale Hiwot,2005,,,,,,
Shashemene,Chebidi Dangata,sinbo,sinbo,7.235161,38.52111,Shallow Well fitted with hand pump,Shallow Well,Functional,Manual operation,420,,Kale Hiwot,2005,,,,,,
Shashemene,Hursa Sinbo,sinbo,sinbo,7.135375,38.7126,Shallow Well fitted with hand pump,Shallow Well,Functional,Manual operation,420,Indian Mark II,Kale Hiwot,2005,New Scheme,,,42,1.2,1.2
Shashemene,Hursa Sinbo,Sarbisi,Sarbisi,7.13721,38.71153,Hand dug Well fitted with pump or windlass,Hand dug Well,Functional,Manual operation,180,Afridev,,2008,,,,,0.12,0.12
Shashemene,Hursa Sinbo,sinbo,sinbo,7.126817,38.72608,Shallow Well fitted with hand pump,Shallow Well,Functional,Manual operation,420,,Kale Hiwot,2005,,,,,,
Shashemene,Gonde Kerso,Huressa,Huressa,7.126474,38.79978,Shallow Well fitted with hand pump,Shallow Well,Functional,Manual operation,920,Indian Mark II,Kale Hiwot,2005,New Scheme,,,46,1,1
Shashemene,Jegesa Korke,simbo,Simbo,7.213748,38.6731,Hand dug Well fitted with pump or windlass,Hand dug Well,Non Functional,Manual operation,180,Afridev,,2008,,,,,0.28,0.28
Shashemene,Gonde Kerso,Ilituu,Ilituu,7.126474,38.79978,Hand dug Well fitted with pump or windlass,Hand dug Well,Functional,Manual operation,180,Afridev,,2008,,,,,0.4,0.4
Shashemene,Hursa Sinbo,Sarbisi 1,Sarbisi,7.13721,38.71153,Hand dug Well fitted with pump or windlass,Hand dug Well,Functional,Manual operation,100,Afridev,Kale Hiwot,2003,,,,,0.1,0.1
Arsi Negele,Werro Awelo,Boka,Boka,7.187142,38.77461,Hand dug Well fitted with pump or windlass,Hand dug Well,Functional,Manual operation,420,Afridev,,2007,,,,,0.12,0.12
Shashemene,Mudeta,Huressa,Huressa,7.143743,38.62582,Shallow Well fitted with hand pump,Shallow Well,Functional,Manual operation,920,Indian Mark II,Kale Hiwot,2005,New Scheme,,,45,1,1
Shashemene,Gonde Kerso,Dachaftu,Dachaftu,7.127708,38.78759,Hand dug Well fitted with pump or windlass,Hand dug Well,Functional,Manual operation,500,Afridev,,2008,,,,,1,1
Shashemene,Hursa Sinbo,sinbo,sinbo,7.13721,38.71153,Shallow Well fitted with hand pump,Shallow Well,Functional,Manual operation,420,,Kale Hiwot,2005,,,,,,
Shashemene,Oine Chefo Unbule,sinbo,sinbo,7.230371,38.54365,Shallow Well fitted with hand pump,Shallow Well,Functional,Manual operation,420,,Kale Hiwot,2005,,,,,,
Shashemene,Meja Dema,sinbo,sinbo,7.214557,38.57792,Shallow Well fitted with hand pump,Shallow Well,Functional,Manual operation,420,,Kale Hiwot,2005,,,,,,
Shashemene,Hursa Sinbo,Boka,Boka,7.13721,38.71153,Hand dug Well fitted with pump or windlass,Hand dug Well,Functional,Manual operation,420,Afridev,,2006,,,,,0.11,0.11
Shashemene,Hursa Sinbo,Molale Doka,Molale Doka,7.13721,38.71153,Hand dug Well fitted with pump or windlass,Hand dug Well,Non Functional,Manual operation,420,Afridev,,2005,,,,,,
Shashemene,Ido Laburka,sinbo,sinbo,7.171815,38.62979,Shallow Well fitted with hand pump,Shallow Well,Functional,Manual operation,420,,Kale Hiwot,2005,,,,,,
Shashemene,Hursa Sinbo,sinbo,sinbo,7.116407,38.73034,Shallow Well fitted with hand pump,Shallow Well,Functional,Manual operation,420,,Kale Hiwot,2005,,,,,,
Shashemene,Jegesa Korke,sinbo,sinbo,7.213594,38.67309,Shallow Well fitted with hand pump,Shallow Well,Functional,Manual operation,420,,Kale Hiwot,2005,,,,,,
Arsi Negele,Lepeso,sinbo,sinbo,7.339114,38.77938,Shallow Well fitted with hand pump,Shallow Well,Functional,Manual operation,420,,Kale Hiwot,2005,,,,,,
Arsi Negele,Werro Awelo,sinbo,sinbo,7.19689,38.7664,Shallow Well fitted with hand pump,Shallow Well,Functional,Manual operation,420,,Kale Hiwot,2005,,,,,,
Arsi Negele,Werro Awelo,sinbo,sinbo,7.200584,38.75682,Shallow Well fitted with hand pump,Shallow Well,Functional,Manual operation,420,,Kale Hiwot,2005,,,,,,
Shashemene,Hursa Sinbo,sinbo,sinbo,7.13721,38.71153,Shallow Well fitted with hand pump,Shallow Well,Functional,Manual operation,420,,Kale Hiwot,2005,,,,,,
Shashemene,Hursa Sinbo,sinbo,sinbo,7.13721,38.71153,Shallow Well fitted with hand pump,Shallow Well,Functional,Manual operation,420,,Kale Hiwot,2005,,,,,,
Shashemene,Hursa Sinbo,sinbo,sinbo,7.13721,38.71153,Shallow Well fitted with hand pump,Shallow Well,Functional,Manual operation,420,,Kale Hiwot,2005,,,,,,
Shashemene,Hursa Sinbo,sinbo,sinbo,7.13721,38.71153,Shallow Well fitted with hand pump,Shallow Well,Functional,Manual operation,420,,Kale Hiwot,2005,,,,,,
Shashemene,Hursa Sinbo,Ilituu,Ilituu,7.13721,38.71153,Hand dug Well fitted with pump or windlass,Hand dug Well,Functional,Manual operation,450,Afridev,,2009,,,,,1,1
Arsi Negele,Balena Kilo,Huresa,Ilituu,7.503503,38.65401,Hand dug Well fitted with pump or windlass,Hand dug Well,Non Functional,Manual operation,168,Afridev,,2009,,,,,0.28,0.28
Shashemene,Wetera Shegule,sinbo,sinbo,7.212806,38.7258,Shallow Well fitted with hand pump,Shallow Well,Functional,Manual operation,420,,Kale Hiwot,2005,,,,,,
Arsi Negele,Rafa Hrgesa,j/wadare,j/wadare,7.42497,38.69334,Protected Spring,Protected Spring,Functional,Gravity,250,,,2005,Inspection,,,,0.8,0.8
Arsi Negele,Kersa Elala,wadare,j/wadare,7.320645,38.65323,Protected Spring,Protected Spring,Functional,Gravity,250,,,2005,Inspection,,,,0.8,0.8
Shashemene,Hursa Sinbo,gote 1,gote 1,7.13721,38.71153,Hand dug Well fitted with pump or windlass,Hand dug Well,Functional,Manual operation,180,Afridev,,2006,,,,,0.28,0.28
Shashemene,Hursa Sinbo,gote 3,gote 3,7.13721,38.71153,Hand dug Well fitted with pump or windlass,Hand dug Well,Functional,Manual operation,180,Afridev,,2006,,,,,0.28,0.28
Shashemene,Hursa Sinbo,jangela,jangela,7.126625,38.73907,Hand dug Well fitted with pump or windlass,Hand dug Well,Non Functional,Manual operation,180,Afridev,,2008,,,,,0.5,0.5
Arsi Negele,Dawe,wondera,wondera,7.481466,38.77777,Hand dug Well fitted with pump or windlass,Hand dug Well,Non Functional,Manual operation,180,Afridev,,2002,,,,,0.28,0.28
Shashemene,Hursa Sinbo,gote 2,gote 2,7.13721,38.71153,Hand dug Well fitted with pump or windlass,Hand dug Well,Functional,Manual operation,180,Afridev,,2002,,,,,0.28,0.28
Shashemene,Hursa Sinbo,wadare,wadare,7.13721,38.71153,Protected Spring,Protected Spring,Non Functional,Gravity,250,,,2003,Inspection,,,,0.8,0.8
Shashemene,Danisa,Jigessa,Abiyu,7.13454,38.75551,Protected Spring,Protected Spring,No Data,Gravity,12000,,,1999,Inspection,,,,13,13
Arsi Negele,Gude Dura,Leephis,Calalaqaa,7.192777,38.79254,Hand dug Well fitted with pump or windlass,Hand dug Well,Functional,Manual operation,75,Indian Mark II,,1990,Repair,,,65,0.5,0.5
Shashemene,Hursa Sinbo,Maraaroo hawulo,Shamtee,7.13721,38.71153,Hand dug Well fitted with pump or windlass,Hand dug Well,Functional,Manual operation,450,Afridev,,2006,New Scheme,,,,1,1
Shashemene,Hursa Sinbo,Maraaroo hawulo,Hawuloo salfaa,7.13721,38.71153,Hand dug Well fitted with pump or windlass,Hand dug Well,Non Functional,Manual operation,450,Afridev,,2004,Repair,,,,0.4,0.4
Shashemene,Ale Luilu,Maraaroo hawulo,Birbirsa Diimaa,7.238707,38.59636,Hand dug Well fitted with pump or windlass,Hand dug Well,Functional,Manual operation,450,Afridev,,2003,Repair,,,,0.3,0.3
Shashemene,Faji Sole,mararo,mararo,7.173832,38.65249,Protected Spring,Protected Spring,Functional,Gravity,340,,,2000,Inspection,,,,0.5,0.5
Shashemene,Jengele Wendere,mararo,mararo,7.134156,38.70132,Protected Spring,Protected Spring,Functional,Gravity,340,,,2001,Inspection,,,,0.5,0.5
Shashemene,Faji Sole,mararo,mararo,7.138079,38.69833,Protected Spring,Protected Spring,Functional,Gravity,340,,,2002,Inspection,,,,0.5,0.5
Arsi Negele,Rafa Hrgesa,jangela,jangela,7.42497,38.69334,Hand dug Well fitted with pump or windlass,Hand dug Well,Functional,Manual operation,180,Afridev,,2006,,,,,0.5,0.5
Arsi Negele,Ali Wayo,corora,corora,7.425086,38.65342,Hand dug Well fitted with pump or windlass,Hand dug Well,Functional,Manual operation,180,Afridev,CDA,2009,,,,,0.2,0.2
Shashemene,Abaro,Borjota,Qore,7.103222,38.65372,Deep Well with Distribution,Deep Wel,No data,Solar,6000,Submersible,,2002,Inspection,,,150,2.8,2.8
Arsi Negele,Gerbi Arba,Qaraaruu,Labuu leephis,7.420783,38.70791,Hand dug Well fitted with pump or windlass,Hand dug Well,Functional,Manual operation,450,Indian Mark II,,2004,New Scheme,,,,0.3,0.3
Shashemene,Hursa Sinbo,Qaraaruu,Shifaa,7.13721,38.71153,Hand dug Well fitted with pump or windlass,Hand dug Well,Functional,Manual operation,450,Indian Mark II,,2004,Repair,,,,0.5,0.5
Shashemene,Hursa Sinbo,Qaraaruu,Qaraaruu,7.13467,38.71339,Hand dug Well fitted with pump or windlass,Hand dug Well,Functional,Manual operation,75,Indian Mark II,,2008,New Scheme,,,,0.2,0.2
Shashemene,Danisa,Adulaala,Adulaala,7.105411,38.78894,Shallow Well fitted with hand pump,Shallow Well,Functional,Manual operation,60,Indian Mark II,,2002,New Scheme,,,210,0.7,0.7
Arsi Negele,Meko Oda,Qaraaruu,Laalessaa,7.360223,38.72415,Hand dug Well fitted with pump or windlass,Hand dug Well,Non Functional,Manual operation,450,Indian Mark II,,2002,Repair,,,,0.25,0.25
Shashemene,Hursa Sinbo,Qaraaruu,Karaa diimaa,7.13721,38.71153,Hand dug Well fitted with pump or windlass,Hand dug Well,Non Functional,Manual operation,450,Indian Mark II,,2004,Repair,,,,0.5,0.5
Shashemene,Abaro,Karaa badaa,Karaa badaa,7.099155,38.65922,Shallow Well fitted with hand pump,Shallow Well,Functional,Manual operation,2250,Indian Mark II,,2008,New Scheme,,,,1,1
Shashemene,Hursa Sinbo,Qaraaruu,masino,7.13721,38.71153,Hand dug Well fitted with pump or windlass,Hand dug Well,Functional,Manual operation,450,Indian Mark II,,2004,Repair,,,,0.2,0.2
Shashemene,Sheleche Harlate,Qarsaa Ilaalaa,Qarsaa Ilaalaa,7.169936,38.59,Deep Well with Distribution,Deep Wel,No data,Electricity and Grid,4300,Submersible,,1987,Repair,4,0,175,6,6
Arsi Negele,Balena Kilo,Raafuu Hargiisa,Raafuu Hargiisa,7.503503,38.65401,Deep Well with Distribution,Deep Wel,No data,Diesel,4700,Submersible,,1996,Inspection,0,4,190,6.5,6.5
Shashemene,Oine Chefo Unbule,Roggee,Roggee,7.216152,38.53465,Deep Well with Distribution,Deep Wel,No data,Electricity and Grid,800,Submersible,,2001,New Scheme,1,0,140,5,5
Arsi Negele,Danshe,Sayyoo,Sayyoo,7.268544,38.70882,Deep Well with Distribution,Deep Wel,No data,Diesel,1200,Submersible,,1994,Repair,1,0,180,4,4
Shashemene,Gonde Kerso,Abiyu 02,Abiyu 02,7.126474,38.79978,Protected Spring,Protected Spring,Functional,Gravity,857,,Kale Hiwot,2009,New Scheme,,,,10,10
Shashemene,Hursa Sinbo,Elemo B5,Elemo B5,7.140141,38.71042,Protected Spring,Protected Spring,Functional,Gravity,751,,Kale Hiwot,2007,New Scheme,,,,9,9
Shashemene,Gonde Kerso,Turufee 1,Turufee 1,7.136192,38.76655,Protected Spring,Protected Spring,Functional,Gravity,672,,Kale Hiwot,2011,New Scheme,,,,10,10
Shashemene,Jengele Wendere,Elemoo B1,Elemoo B1,7.13113,38.70951,Protected Spring,Protected Spring,Functional,Gravity,684,,Kale Hiwot,2004,Inspection,,,,8,8
Shashemene,Ido Laburka,Abiyu 03,Abiyu 03,7.168302,38.62538,Protected Spring,Protected Spring,Functional,Gravity,672,,Kale Hiwot,2010,New Scheme,,,,10,10
Shashemene,Hursa Sinbo,Elemoo B3,Elemoo B3,7.136552,38.7149,Protected Spring,Protected Spring,Functional,Gravity,680,,Kale Hiwot,2006,New Scheme,,,,2,2
Shashemene,Chulule Habera,Abiyu 01,Abiyu 01,7.310437,38.52914,Protected Spring,Protected Spring,Functional,Gravity,487,,Kale Hiwot,2008,New Scheme,,,,7,7
Shashemene,Gonde Kerso,Elemoo B2,Elemoo B2,7.130195,38.78568,Protected Spring,Protected Spring,Functional,Gravity,660,,Kale Hiwot,2005,Inspection,,,,7,7
Shashemene,Hursa Sinbo,Wotara Gamaa,Wotara Gamaa,7.126879,38.72511,Protected Spring,Protected Spring,Functional,Gravity,340,,Government,2000,Inspection,,,,0.5,0.5
Arsi Negele,Kerero,shagulle,shagulle,7.486376,38.7266,Protected Spring,Protected Spring,Functional,Gravity,250,,Government,2007,New Scheme,,,,0.8,0.8
Shashemene,Hursa Sinbo,shagulle,shagulle,7.13721,38.71153,Protected Spring,Protected Spring,Functional,Gravity,340,,Government,2002,Inspection,,,,0.5,0.5
Shashemene,Wetera Shegule,,,7.210436,38.73007,,Hand dug well,Functional,Manual operation,5,,,,National WASH inventory,,,,,
Shashemene,Hursa Sinbo,,,7.119476,38.72721,,Hand dug well,Functional,Manual operation,22,,,,National WASH inventory,,,,,
Shashemene,Turre Wetera Elemo,,,7.210677,38.70714,,Shallow well,Functional,Manual operation,52,,,,National WASH inventory,,,,,
Shashemene,Wetera Shegule,,,7.210331,38.72503,,Hand dug well,Not functional,Manual operation,177,,,,National WASH inventory,,,,,
Shashemene,Hursa Sinbo,,,7.115677,38.73184,,Hand dug well,Functional,Manual operation,12,,,,National WASH inventory,,,,,
Shashemene,Hursa Sinbo,,,7.122504,38.72721,,Hand dug well,Functional,Manual operation,133,,,,National WASH inventory,,,,,
Shashemene,Hursa Sinbo,,,7.122504,38.72503,,Hand dug well,Functional,Manual operation,18,,,,National WASH inventory,,,,,
Shashemene,Hursa Sinbo,,,7.135738,38.71348,,Hand dug well,Functional,Manual operation,28,,,,National WASH inventory,,,,,
Shashemene,Hursa Sinbo,,,7.145309,38.70753,,Shallow well,Functional,Manual operation,240,,,,National WASH inventory,,,,,
Shashemene,Hursa Sinbo,,,7.145799,38.70565,,Hand dug well,Functional,Manual operation,240,,,,National WASH inventory,,,,,
Shashemene,Owa Shodongu,,,7.210492,38.62074,,Hand dug well,Not functional,Manual operation,42,,,,National WASH inventory,,,,,
Shashemene,Faji Sole,,,7.157771,38.69308,,Shallow well,Not functional,Manual operation,Don't know,,,,National WASH inventory,,,,,
Shashemene,Faji Sole,,,7.160458,38.68905,,Spring,Not functional,Manual operation,80,,,,National WASH inventory,,,,,
Shashemene,Wetera Shegule,,,7.212796,38.7362,,Spring,Not functional,Gravity,470,,,,National WASH inventory,,,,,
Arsi Negele,Werro Awelo,,,7.183585,38.76389,,Spring,Functional,Manual operation,300,,,,National WASH inventory,,,,,
Shashemene,Aredano Shifa,,,7.16909,38.77198,,Spring,Functional,Gravity,250,,,,National WASH inventory,,,,,
Shashemene,Aredano Shifa,,,7.160914,38.77418,,Hand dug well,Not functional,Manual operation,220,,,,National WASH inventory,,,,,
Shashemene,Aredano Shifa,,,7.146612,38.79458,,Hand dug well,Functional,Manual operation,300,,,,National WASH inventory,,,,,
Shashemene,Aredano Shifa,,,7.145275,38.8018,,Hand dug well,Functional,Manual operation,150,,,,National WASH inventory,,,,,
Shashemene,Aredano Shifa,,,7.145275,38.8018,,Hand dug well,Not functional,Manual operation,200,,,,National WASH inventory,,,,,
Shashemene,Gonde Kerso,,,7.126453,38.79988,,Hand dug well,Functional,Manual operation,250,,,,National WASH inventory,,,,,
Shashemene,Gonde Kerso,,,7.1384,38.7733,,Hand dug well,Functional,Manual operation,110,,,,National WASH inventory,,,,,
Shashemene,Gonde Kerso,,,7.143951,38.77196,,Hand dug well,Functional,Manual operation,200,,,,National WASH inventory,,,,,
Shashemene,Gonde Kerso,,,7.13226,38.77202,,Hand dug well,Functional,Manual operation,80,,,,National WASH inventory,,,,,
Shashemene,Gonde Kerso,,,7.134778,38.76709,,Hand dug well,Functional,Manual operation,200,,,,National WASH inventory,,,,,
Shashemene,Gonde Kerso,,,7.136266,38.76665,,Hand dug well,Functional,Manual operation,180,,,,National WASH inventory,,,,,
Shashemene,Gonde Kerso,,,7.14091,38.76428,,Hand dug well,Functional,Manual operation,170,,,,National WASH inventory,,,,,
Shashemene,Danisa,,,7.104572,38.78923,,Hand dug well,Functional,Manual operation,20,,,,National WASH inventory,,,,,
Shashemene,Danisa,,,7.104572,38.78923,,Hand dug well,Functional,Manual operation,100,,,,National WASH inventory,,,,,
Shashemene,Danisa,,,7.105763,38.78824,,Hand dug well,Functional,Manual operation,30,,,,National WASH inventory,,,,,
Shashemene,Danisa,,,7.109249,38.78391,,Hand dug well,Functional,Manual operation,180,,,,National WASH inventory,,,,,
Shashemene,Danisa,,,7.10634,38.78744,,Hand dug well,Functional,Manual operation,25,,,,National WASH inventory,,,,,
Shashemene,Danisa,,,7.109427,38.78057,,Hand dug well,Functional,Manual operation,80,,,,National WASH inventory,,,,,
Shashemene,Danisa,,,7.106776,38.78688,,Hand dug well,Functional,Manual operation,155,,,,National WASH inventory,,,,,
Shashemene,Danisa,,,7.11109,38.77545,,Hand dug well,Functional,Manual operation,180,,,,National WASH inventory,,,,,
Shashemene,Danisa,,,7.113806,38.77779,,Hand dug well,Functional,Manual operation,170,,,,National WASH inventory,,,,,
Shashemene,Danisa,,,7.112001,38.77301,,Hand dug well,Functional,Manual operation,100,,,,National WASH inventory,,,,,
Shashemene,Danisa,,,7.112207,38.77079,,Hand dug well,Functional,Manual operation,120,,,,National WASH inventory,,,,,
Shashemene,Danisa,,,7.116379,38.77689,,Hand dug well,Functional,Manual operation,140,,,,National WASH inventory,,,,,
Shashemene,Danisa,,,7.125789,38.76791,,Hand dug well,Functional,Manual operation,75,,,,National WASH inventory,,,,,
Shashemene,Danisa,,,7.127543,38.76329,,Hand dug well,Functional,Manual operation,105,,,,National WASH inventory,,,,,
Shashemene,Danisa,,,7.12382,38.76808,,Hand dug well,Functional,Manual operation,88,,,,National WASH inventory,,,,,
Shashemene,Danisa,,,7.129623,38.7603,,Hand dug well,Functional,Manual operation,85,,,,National WASH inventory,,,,,
Shashemene,Danisa,,,7.137963,38.75241,,Hand dug well,Functional,Manual operation,120,,,,National WASH inventory,,,,,
Shashemene,Danisa,,,7.143726,38.74583,,Hand dug well,Functional,Manual operation,40,,,,National WASH inventory,,,,,
Shashemene,Danisa,,,7.134414,38.75568,,Hand dug well,Not functional,Manual operation,130,,,,National WASH inventory,,,,,
Shashemene,Danisa,,,7.122344,38.76535,,Hand dug well,Functional,Manual operation,110,,,,National WASH inventory,,,,,
Shashemene,Danisa,,,7.107252,38.78756,,Hand dug well,Functional,Manual operation,22,,,,National WASH inventory,,,,,
Shashemene,Danisa,,,7.110998,38.78065,,Hand dug well,Functional,Manual operation,130,,,,National WASH inventory,,,,,
Shashemene,Danisa,,,7.118009,38.7744,,Hand dug well,Functional,Manual operation,160,,,,National WASH inventory,,,,,
Shashemene,Hursa Sinbo,,,7.147915,38.72904,,Hand dug well,Functional,Manual operation,60,,,,National WASH inventory,,,,,
Shashemene,Hursa Sinbo,,,7.143276,38.73105,,Hand dug well,Functional,Manual operation,40,,,,National WASH inventory,,,,,
Shashemene,Hursa Sinbo,,,7.138056,38.73532,,Hand dug well,Functional,Manual operation,,,,,National WASH inventory,,,,,
Shashemene,Hursa Sinbo,,,7.131869,38.73807,,Hand dug well,Functional,Manual operation,,,,,National WASH inventory,,,,,
Shashemene,Hursa Sinbo,,,7.147835,38.72267,,Hand dug well,Functional,Manual operation,,,,,National WASH inventory,,,,,
Shashemene,Hursa Sinbo,,,7.144083,38.70655,,Hand dug well,Functional,Manual operation,,,,,National WASH inventory,,,,,
Shashemene,Hursa Sinbo,,,7.146661,38.70303,,Hand dug well,Functional,Manual operation,,,,,National WASH inventory,,,,,
Shashemene,Hursa Sinbo,,,7.132491,38.73465,,Hand dug well,Functional,Manual operation,60,,,,National WASH inventory,,,,,
Shashemene,Wetera Shegule,,,7.210494,38.73211,,Hand dug well,Not functional,Manual operation,58,,,,National WASH inventory,,,,,
Shashemene,Wetera Shegule,,,7.210446,38.72017,,Hand dug well,Functional,Manual operation,120,,,,National WASH inventory,,,,,
Arsi Negele,Werro Awelo,,,7.210446,38.76163,,Hand dug well,Functional,Manual operation,83,,,,National WASH inventory,,,,,
Arsi Negele,Werro Awelo,,,7.210439,38.76206,,Hand dug well,Functional,Manual operation,Don't know,,,,National WASH inventory,,,,,
Shashemene,Hursa Sinbo,,,7.125396,38.74446,,Hand dug well,Functional,Manual operation,28,,,,National WASH inventory,,,,,
Shashemene,Hursa Sinbo,,,7.137156,38.74244,,Hand dug well,Functional,Manual operation,38,,,,National WASH inventory,,,,,
Shashemene,Danisa,,,7.137156,38.74672,,Hand dug well,Functional,Manual operation,28,,,,National WASH inventory,,,,,
Shashemene,Turre Wetera Elemo,,,7.210508,38.70781,,Hand dug well,Not functional,Manual operation,44,,,,National WASH inventory,,,,,
Shashemene,Turre Wetera Elemo,,,7.210527,38.7136,,Hand dug well,Functional,Manual operation,72,,,,National WASH inventory,,,,,
Shashemene,Wetera Shegule,,,7.210508,38.73279,,Shallow well,Not functional,Manual operation,38,,,,National WASH inventory,,,,,
Shashemene,Jengele Wendere,,,7.122568,38.7178,,Spring,Functional,Manual operation,32,,,,National WASH inventory,,,,,
Shashemene,Hursa Sinbo,,,7.133903,38.72367,,Hand dug well,Functional,Other,38,,,,National WASH inventory,,,,,
Shashemene,Hursa Sinbo,,,7.139444,38.7173,,Hand dug well,Functional,Manual operation,36,,,,National WASH inventory,,,,,
Shashemene,Jengele Wendere,,,7.133983,38.70786,,Hand dug well,Not functional,Manual operation,30,,,,National WASH inventory,,,,,
Shashemene,Jengele Wendere,,,7.11378,38.71687,,Hand dug well,Functional,Manual operation,35,,,,National WASH inventory,,,,,
Shashemene,Jengele Wendere,,,7.123013,38.71336,,Hand dug well,Functional,Manual operation,25,,,,National WASH inventory,,,,,
Shashemene,Hursa Sinbo,,,7.126906,38.72504,,Hand dug well,Functional,Manual operation,27,,,,National WASH inventory,,,,,
Shashemene,Hursa Sinbo,,,7.128596,38.7247,,Hand dug well,Functional,Manual operation,43,,,,National WASH inventory,,,,,
Shashemene,Hursa Sinbo,,,7.126906,38.72504,,Hand dug well,Functional,Manual operation,34,,,,National WASH inventory,,,,,
Shashemene,Hursa Sinbo,,,7.128596,38.7247,,Hand dug well,Not functional,Manual operation,24,,,,National WASH inventory,,,,,
Shashemene,Hursa Sinbo,,,7.140624,38.70766,,Shallow well,Functional,Manual operation,43,,,,National WASH inventory,,,,,
Shashemene,Hursa Sinbo,,,7.133216,38.71458,,Hand dug well,Functional,Manual operation,24,,,,National WASH inventory,,,,,
Shashemene,Hursa Sinbo,,,7.147193,38.70444,,Hand dug well,Functional,Manual operation,27,,,,National WASH inventory,,,,,
Shashemene,Turre Wetera Elemo,,,7.210492,38.71207,,Hand dug well,Not functional,Manual operation,39,,,,National WASH inventory,,,,,
Arsi Negele,Werro Awelo,,,7.210446,38.76206,,Hand dug well,Functional,Manual operation,28,,,,National WASH inventory,,,,,
Shashemene,Jengele Wendere,,,7.11378,38.72376,,Hand dug well,Not functional,Manual operation,,,,,National WASH inventory,,,,,
Shashemene,Jegesa Korke,,,7.19289,38.67538,,Spring,Not functional,Manual operation,87,,,,National WASH inventory,,,,,
Shashemene,Turre Wetera Elemo,,,7.199073,38.69602,,Spring,Not functional,Manual operation,60,,,,National WASH inventory,,,,,
Arsi Negele,Wetera,,,7.207509,38.73955,,Spring,Not functional,Manual operation,54,,,,National WASH inventory,,,,,
Shashemene,Hursa Sinbo,,,7.139027,38.70121,,Hand dug well,Not functional,Manual operation,30,,,,National WASH inventory,,,,,
Arsi Negele,Asheka,,,7.314066,38.78857,,Hand dug well,Not functional,Manual operation,200,,,,National WASH inventory,,,,,
Arsi Negele,Lepeso,,,7.339089,38.77974,,Spring,Not functional,Manual operation,120,,,,National WASH inventory,,,,,
Arsi Negele,Lepeso,,,7.315126,38.78857,,Hand dug well,Not functional,Manual operation,250,,,,National WASH inventory,,,,,
Arsi Negele,Kerero,,,7.504703,38.74402,,Shallow well,Not functional,Manual operation,160,,,,National WASH inventory,,,,,
Arsi Negele,Aga,,,7.251091,38.82276,,Spring,Functional,Gravity,100,,,,National WASH inventory,,,,,
Arsi Negele,Aga,,,7.278675,38.84178,,Spring,Functional,Gravity,250,,,,National WASH inventory,,,,,
Arsi Negele,Aga,,,7.258123,38.83518,,Spring,Functional,Gravity,120,,,,National WASH inventory,,,,,
Arsi Negele,Werro Awelo,,,7.234182,38.75995,,Spring,Functional,Gravity,200,,,,National WASH inventory,,,,,
Arsi Negele,Chri Elalu,,,7.352495,38.76571,,Spring,Functional,Gravity,50,,,,National WASH inventory,,,,,
Arsi Negele,Arsi Negele Town,,,7.354416,38.67568,,Spring,Functional,Gravity,120,,,,National WASH inventory,,,,,
Arsi Negele,Kersa Gera,,,7.383275,38.62299,,Spring,Functional,Gravity,300,,,,National WASH inventory,,,,,
Arsi Negele,Gude Dura,,,7.158786,38.81416,,Hand dug well,Functional,Manual operation,100,,,,National WASH inventory,,,,,
Arsi Negele,Gude Dura,,,7.159921,38.82056,,Hand dug well,Functional,Manual operation,40,,,,National WASH inventory,,,,,
Arsi Negele,Gude Dura,,,7.159921,38.82056,,Hand dug well,Functional,Manual operation,45,,,,National WASH inventory,,,,,
Arsi Negele,Gude Dura,,,7.157108,38.82138,,Hand dug well,Functional,Manual operation,40,,,,National WASH inventory,,,,,
Arsi Negele,Gude Dura,,,7.173314,38.81751,,Hand dug well,Functional,Manual operation,20,,,,National WASH inventory,,,,,
Arsi Negele,Gude Dura,,,7.159921,38.82056,,Hand dug well,Functional,Manual operation,40,,,,National WASH inventory,,,,,
Arsi Negele,Gude Dura,,,7.169893,38.80848,,Hand dug well,Functional,Manual operation,60,,,,National WASH inventory,,,,,
Arsi Negele,Gude Dura,,,7.169599,38.8011,,Spring,Functional,Gravity,50,,,,National WASH inventory,,,,,
Arsi Negele,Werro Awelo,,,7.197319,38.76507,,Hand dug well,Functional,Manual operation,100,,,,National WASH inventory,,,,,
Arsi Negele,Werro Awelo,,,7.197319,38.76507,,Hand dug well,Functional,Manual operation,100,,,,National WASH inventory,,,,,
Arsi Negele,Gude Dura,,,7.162194,38.81371,,Hand dug well,Functional,Manual operation,70,,,,National WASH inventory,,,,,
Arsi Negele,Gude Dura,,,7.165727,38.81455,,Hand dug well,Functional,Manual operation,50,,,,National WASH inventory,,,,,
Arsi Negele,Gude Dura,,,7.162897,38.81391,,Hand dug well,Functional,Manual operation,75,,,,National WASH inventory,,,,,
Arsi Negele,Werro Awelo,,,7.207652,38.77516,,Hand dug well,Functional,Manual operation,40,,,,National WASH inventory,,,,,
Arsi Negele,Werro Awelo,,,7.206396,38.76316,,Hand dug well,Functional,Manual operation,25,,,,National WASH inventory,,,,,
Arsi Negele,Werro Awelo,,,7.199121,38.76182,,Hand dug well,Not functional,Manual operation,30,,,,National WASH inventory,,,,,
Arsi Negele,Werro Awelo,,,7.202991,38.75448,,Hand dug well,Functional,Manual operation,32,,,,National WASH inventory,,,,,
Arsi Negele,Werro Awelo,,,7.203605,38.77347,,Hand dug well,Functional,Manual operation,40,,,,National WASH inventory,,,,,
Arsi Negele,Gude Dura,,,7.196388,38.7804,,Hand dug well,Functional,Manual operation,25,,,,National WASH inventory,,,,,
Arsi Negele,Gude Dura,,,7.196388,38.7804,,Hand dug well,Functional,Manual operation,30,,,,National WASH inventory,,,,,
Arsi Negele,Gude Dura,,,7.196338,38.77942,,Hand dug well,Functional,Manual operation,25,,,,National WASH inventory,,,,,
Arsi Negele,Gude Dura,,,7.19275,38.78396,,Hand dug well,Functional,Manual operation,30,,,,National WASH inventory,,,,,
Arsi Negele,Gude Dura,,,7.196477,38.78578,,Hand dug well,Functional,Manual operation,30,,,,National WASH inventory,,,,,
Arsi Negele,Meko Oda,,,7.347829,38.72071,,Spring,Functional,Gravity,200,,,,National WASH inventory,,,,,